source,configuration,metric,full_minus_ablation,ci_low,ci_high,pairs,higher_is_better
all,NO_TEMPORAL,interception_ratio,0.022767857793276502,0.015844516020930777,0.030130325236138587,220,True
all,NO_TEMPORAL,capped_p95_tti,-0.2347727272727269,-0.5404715909090914,0.0770624999999955,220,False
all,NO_TEMPORAL,avg_reward_per_receiver_time,0.022506993006993034,0.01828631993006991,0.026959694055944037,220,True
all,NO_TEMPORAL,retune_dead_fraction,0.003696853146853127,0.0030883741258741,0.004281844405594402,220,False
all,NO_TEMPORAL,coverage_violations,0.0,0.0,0.0,220,False
all,NO_MAX_AGE,interception_ratio,-0.09306594232821727,-0.11842220911500734,-0.06783711694199118,220,True
all,NO_MAX_AGE,capped_p95_tti,-3.522954545454507,-4.978897727272672,-2.0765227272726987,220,False
all,NO_MAX_AGE,avg_reward_per_receiver_time,-0.0344381118881119,-0.043645052447552436,-0.025616739510489546,220,True
all,NO_MAX_AGE,retune_dead_fraction,0.10322272727272727,0.10248416958041956,0.10394410839160839,220,False
all,NO_MAX_AGE,coverage_violations,-8360.754545454545,-8495.15090909091,-8222.047272727274,220,False
all,RETUNE_UNAWARE,interception_ratio,-0.07142862724015461,-0.09177205544594409,-0.052005167726637436,220,True
all,RETUNE_UNAWARE,capped_p95_tti,2.611363636363638,1.7907613636363655,3.453414772727277,220,False
all,RETUNE_UNAWARE,avg_reward_per_receiver_time,-0.07517657342657337,-0.08887332167832167,-0.06284556818181819,220,True
all,RETUNE_UNAWARE,retune_dead_fraction,-0.20561433566433565,-0.21938187062937073,-0.19241386363636362,220,False
all,RETUNE_UNAWARE,coverage_violations,0.0,0.0,0.0,220,False
all,GREEDY_ASSIGNMENT,interception_ratio,0.027337061829808468,0.019502876800614133,0.035866560824912325,220,True
all,GREEDY_ASSIGNMENT,capped_p95_tti,-0.10954545454545617,-0.5980397727272759,0.3666306818181697,220,False
all,GREEDY_ASSIGNMENT,avg_reward_per_receiver_time,0.0016426573426573526,-0.0033700174825174725,0.006680839160839155,220,True
all,GREEDY_ASSIGNMENT,retune_dead_fraction,-0.002318881118881122,-0.002861276223776224,-0.0017860139860139956,220,False
all,GREEDY_ASSIGNMENT,coverage_violations,0.0,0.0,0.0,220,False
simulator,NO_TEMPORAL,interception_ratio,0.005944202659185258,0.002716592458478332,0.009284863604596435,140,True
simulator,NO_TEMPORAL,capped_p95_tti,0.0,0.0,0.0,140,False
simulator,NO_TEMPORAL,avg_reward_per_receiver_time,0.00136813186813187,0.0005932692307692298,0.002170329670329669,140,True
simulator,NO_TEMPORAL,retune_dead_fraction,0.0009450549450549517,0.0006262362637362705,0.0012912087912087954,140,False
simulator,NO_TEMPORAL,coverage_violations,0.0,0.0,0.0,140,False
simulator,NO_MAX_AGE,interception_ratio,-0.0533358637415932,-0.06796286807423314,-0.03818651001443845,140,True
simulator,NO_MAX_AGE,capped_p95_tti,-0.018928571428571406,-0.04392857142857132,0.0,140,False
simulator,NO_MAX_AGE,avg_reward_per_receiver_time,-0.013752747252747255,-0.017577609890109886,-0.010246978021978026,140,True
simulator,NO_MAX_AGE,retune_dead_fraction,0.10042857142857144,0.09970329670329671,0.10119244505494505,140,False
simulator,NO_MAX_AGE,coverage_violations,-9135.064285714287,-9188.841071428573,-9086.384107142858,140,False
simulator,RETUNE_UNAWARE,interception_ratio,-0.015869425457166533,-0.02402912783886346,-0.007536697880239612,140,True
simulator,RETUNE_UNAWARE,capped_p95_tti,0.00035714285714316674,-0.013928571428571512,0.015000000000000124,140,False
simulator,RETUNE_UNAWARE,avg_reward_per_receiver_time,-0.0024560439560439573,-0.00385796703296703,-0.0011259615384615375,140,True
simulator,RETUNE_UNAWARE,retune_dead_fraction,-0.28018681318681316,-0.2849450549450549,-0.27509285714285714,140,False
simulator,RETUNE_UNAWARE,coverage_violations,0.0,0.0,0.0,140,False
simulator,GREEDY_ASSIGNMENT,interception_ratio,-0.0029975129725809957,-0.008831299487411398,0.002909223021908574,140,True
simulator,GREEDY_ASSIGNMENT,capped_p95_tti,-0.012499999999999734,-0.03285714285714249,0.0,140,False
simulator,GREEDY_ASSIGNMENT,avg_reward_per_receiver_time,-0.0002472527472527457,-0.0016376373626373634,0.00114903846153846,140,True
simulator,GREEDY_ASSIGNMENT,retune_dead_fraction,-0.0024725274725274915,-0.0030825549450549388,-0.0018954670329670302,140,False
simulator,GREEDY_ASSIGNMENT,coverage_violations,0.0,0.0,0.0,140,False
tsrd,NO_TEMPORAL,interception_ratio,0.05220925427793627,0.035413574345346165,0.06997435668913657,80,True
tsrd,NO_TEMPORAL,capped_p95_tti,-0.645624999999999,-1.4631249999999874,0.21328124999997597,80,False
tsrd,NO_TEMPORAL,avg_reward_per_receiver_time,0.059500000000000025,0.053299062500000015,0.06592562500000006,80,True
tsrd,NO_TEMPORAL,retune_dead_fraction,0.008512499999999992,0.007737499999999994,0.009349999999999983,80,False
tsrd,NO_TEMPORAL,coverage_violations,0.0,0.0,0.0,80,False
tsrd,NO_MAX_AGE,interception_ratio,-0.16259357985480932,-0.22370158964220901,-0.10292475531501173,80,True
tsrd,NO_MAX_AGE,capped_p95_tti,-9.654999999999891,-13.51628124999988,-5.890593749999925,80,False
tsrd,NO_MAX_AGE,avg_reward_per_receiver_time,-0.07063749999999994,-0.09206281250000002,-0.048999374999999935,80,True
tsrd,NO_MAX_AGE,retune_dead_fraction,0.10811249999999999,0.10727500000000001,0.10896249999999999,80,False
tsrd,NO_MAX_AGE,coverage_violations,-7005.7125,-7046.13,-6967.398749999999,80,False
tsrd,RETUNE_UNAWARE,interception_ratio,-0.16865723036038371,-0.21702276299585177,-0.1257596982758621,80,True
tsrd,RETUNE_UNAWARE,capped_p95_tti,7.180625000000003,5.303484374999997,9.033859374999997,80,False
tsrd,RETUNE_UNAWARE,avg_reward_per_receiver_time,-0.20243750000000002,-0.21530125,-0.1899740625,80,True
tsrd,RETUNE_UNAWARE,retune_dead_fraction,-0.07511250000000001,-0.07843749999999998,-0.07199968749999996,80,False
tsrd,RETUNE_UNAWARE,coverage_violations,0.0,0.0,0.0,80,False
tsrd,GREEDY_ASSIGNMENT,interception_ratio,0.08042256773399015,0.0657666256157636,0.09477484119782213,80,True
tsrd,GREEDY_ASSIGNMENT,capped_p95_tti,-0.2793750000000088,-1.6182031250000062,1.0181718749999726,80,False
tsrd,GREEDY_ASSIGNMENT,avg_reward_per_receiver_time,0.00495000000000001,-0.009213125000000011,0.018700625000000016,80,True
tsrd,GREEDY_ASSIGNMENT,retune_dead_fraction,-0.002050000000000024,-0.003125312500000003,-0.0010249999999999981,80,False
tsrd,GREEDY_ASSIGNMENT,coverage_violations,0.0,0.0,0.0,80,False
